ID,explain_money,classification
R_5gkFPADTS8ChOFG,i like money more than oatmeal cookies,DESIRABILITY
R_7yNuX0OR7rZvvdT,"I think it's the right thing to do, and I'm hoping she will choose the same thing, that way we can both get the same amount of money.",SOCIALNORM
R_6DvvLpE32XhfovG,Because I want the money and I do not know my partner. I also think I would put this money to good use at the bar.,SOCIALNORM
R_3eQYiMpzbwQLOWu,"Money is a very tricky and serious thing, so I decided to go completely even on it so that nobody felt upset or cheated on. I think that money is an important thing to share in this case.",SOCIALNORM
R_3PTNTTt4Jv1cQUx,"Since it was randomly given to us (not earned), I decided to split it evenly amongst the two of us.",SOCIALNORM
R_6SxbLLXTTD6eETY,"I allocated slightly more money to myself as I have just met this person and do not have any personal or emotional connection to them. I wanted to be somewhat fair, so I only took one extra dollar for myself and gave the rest to my partner.",SOCIALNORM
R_7jNYCeh1AOup6yJ,"My thought process was that we would just split the $10 fairly, so that we each get $5. After talking with my partner, we are both here as a requirement for class, so I thought it was fair that we would both get the same amount for doing something with for a class and being good students.",SOCIALNORM
R_5PcHHuUTeoKgTKK,I gave 5 to each of us because I feel that we both value the money. I feel that it would be most fair for us to split it evenly.,SOCIALNORM
R_3CfIXPxSxaziz9T,"I think the money should be split evenly. regardless of what the product is, the best way to have both people satisfied with the result is by splitting it 50/50.",SOCIALNORM
R_3qNH9SlfkTNMRGR,"Just like the answer to the question above, felt it would be fair to split the money with my partner so we each get 50% of it.",SOCIALNORM
R_1ERsI5tKN5pw85g,Because taking more than half wouldn't benefit me much so might as well chop it down the middle,SATIATION
R_5JgXhzrJXG3rozy,I gave us each half because that is the most fair option. We each get the same amount,SOCIALNORM
R_1HZeEIcEz4Xok3P,"5 and 5 made the most sense in this scenario because it felt fair. I didn't feel the need to give up more than 5 dollars because I don't know very much about my partner, but didn't want to give less than 5 in the case he would appreciate the $5.",SOCIALNORM
R_7B8W4xhgpm3svgo,"I'm not greedy. I feel like since I didn't earn the money and it was just randomly given to me, I don't mind splitting it.",SOCIALNORM
R_65HQsxqWpUUZyBX,"I allocated the portion of $10 evenly between myself and the other participant because I know that we both can use the money, and it wouldn't be fair to take it all or more. My family raised me to share and be equal with others which is why is split the $10 evenly between us.",SOCIALNORM
R_139WcT7S0DVGvHL,I split the dollars evenly. I thought that this would be the fairest.,SOCIALNORM
R_1in4gKFencMMvT3,We should split the money evenly because it is the most fair.,SOCIALNORM
R_7BVk9Sk10JpuwU1,"$10 isn't really a lot of money today, so I just split it equally between the two of us because I think it's nice and I would feel honored if my partner did the same for me.",SOCIALNORM
R_3fPpqG32QKGtNRK,I split the money fifty-fifty because my partner and I had just met prior to the study. I felt as if neither of us would be comfortable with taking more money than the other.,SOCIALNORM
R_6DOSRp2h1HvXM9V,I gave the other participant $5 so it was equal. We both would receive the same amount.,SOCIALNORM
R_6Les3rzd5SHp79y,"I split it evenly. I don't know anything about my partner, so I can't assume that he would need the money more than me. So, I just gave him half and I kept half.",SOCIALNORM
R_6EFwSIbHthmaJip,"I thought splitting the money in half was the fairest option. Even though you can't do much with $5 each, I thought it would be nice to keep the amount equal because $5 is still $5 we didn't have before.",SOCIALNORM
R_1vw0IEAZCnBpj2x,When asked to allocate this proportion of money I decided to split it evenly. I did this because it seemed most fair and just.,SOCIALNORM
R_1z6JOIfKtivi3pJ,"Because I took 6 oatmeal packets, I should only get $4. That way, we both get 10 items in total out of the 20 items.",SOCIALNORM
R_6BNxp7RsNtqnFL3,I do not need $10. I do not know the situation of my study partner  so I just gave it to them.,SATIATION
R_1Gpqa2VKMIT7pwK,10$ doesn't get you anything in this economy,SATIATION
R_7CU9jTIdrOJlxgz,I do not really know this person very well at all. I thought giving them a dollar out of the $10 would be nice but I don't know them so I did not split it even.,SOCIALNORM
R_702e3HpRGwgDr4N,I choose 50/50 share. I think she is kind. She deserved to have half of the money.,SOCIALNORM
R_5HTSf1aFRRdFXFc,"It's considerate to do an even slip. There's nothing that we know, since we just met each other that would indicate we should divide it differently.",SOCIALNORM
R_6pfP0c4WEQwnAwY,"I divided up the 10 bills in half to share, so i would get 5 and my partner would get 5. I felt like that was a fair way to do it and it made sure it was distributed evenly. since I don't know my parter well enough, I couldnt decide if she may need to money more or less than me, so i fugured I would split it 50-50.",SOCIALNORM
R_1BlChKHfQNZPS1y,I decided to split the money evenly between the two of us because I don't think that it's fair to take more. We both could use the money on something we want so I decided to split the money.,SOCIALNORM
R_7WwszGq6tEjVUVX,"I would split the money so that we both got $5, because although I could have allocated more to myself, we are both better off and it is fair that we split the money evenly. We are both doing the same amount of work in this study/class and as college students, we could both use $5.",SOCIALNORM
R_58M77OJw85aGRXI,I just want to be fair. I would have wanted them to give me some money as well.,SOCIALNORM
R_3ffRyxYhBevSK0z,"I thought it was fair, and they were likely being asked the same questions.",SOCIALNORM
R_3g8ywbBwsGReQ0x,I split these even because money is something that almost everyone values so I thought it would only be fair to do it this way.,SOCIALNORM
R_3IC4dkEJ2DlJEVr,"I allocated the amount of 10 dollars to myself and none to my partner because as a college student I need as much money as I can get. It is nothing against my partner, but I would love that money for myself and spend it how I want.",OTHER
R_5Ey4DwBATJke6Xb,I have no issue with splitting the $10 evenly so that both of us are fairly compensated. I would feel bad if I took extra for myself when I don't really need it.,SOCIALNORM
R_7q1Fl3JSIVn3kxp,I would split the money in half with them because thats what i would want them to do for me,SOCIALNORM
R_1OoSljyK7oOTmJw,It only seems fair to give each of us five. Since we don't know each other well it makes it simpler to just split them.,SOCIALNORM
R_6FEfys9CdrrQMm6,I do not know her that well. I could use $10. I do not feel the need to split it with someone I don't know.,SATIATION
R_6kBW992pcIZrEH8,it is fair. My partner has good vibes.,SOCIALNORM
R_3rpQNSlG3HVyfD3,"I wanted it to be fair, and I did not want to be greedy.",SOCIALNORM
R_6ldGa33LJQFHEmB,"Well i put 10 because i didn't have a partner, but hypothetically if i did we could go 5 and 5 just so there's no bad blood between us and I didn't plan on getting 10 anyways so any amount is good to me. Plus, good karma points",SOCIALNORM
R_3y4QwJmQv4tdSp3,I think this resource is equally beneficial to each of us to I split it equally between us. Both could benefit from 5 dollars.,SOCIALNORM
R_3EAGK3B0XohFw8P,"I feel like people can use money for either what they want or what they need, so if I am proposed with the challenge of taking or the splitting the money, I feel that it wouldn't be fair if I took more than my partner. Especially if my partner knew, I would feel even worse. If I split it evenly then we both benefit equally.",SOCIALNORM
R_3f6Cv41aqHs4bTm,Typically everyone wants money. I would not want my partner to be upset if I took an unfair amount,SOCIALNORM
R_6ON2HbvTAVaPGe1,I chose to keep the money. I wanted to keep the money because I wanted the money for myself.,OTHER
R_63wCU7gNPmkiSv4,"I gave my partner 5 and me 5 because as much as I would enjoy all $10, it is not that much money and I did not mind splitting it evenly.",SATIATION
R_1gT2ErxLXwPFSxt,I split it 50 50. There was no reason for splitting it so that was the most even.,SOCIALNORM
R_1JLzWhrk9YuPtLs,"I chose to split the amount of money evenly between us. We both want money I'm assuming as anyone would, so I want to keep it fair. I would hope that she would do the same.",SOCIALNORM
R_7HRdvtd1YbBWwed,"Seeing as I don't know this person at all, I'd feel slightly strange offering them money out of nowhere. I also think I'd be able to put it to good use, while I don't really know this person enough to say the same.",OTHER
R_3Y2NMzaevqx8wbB,I was given 10 dollars for free with no personal cost and was given the task to allocate it so its only fair if I allocate that money fairly because I deserve it as much as the other person since neither of us did anything to earn it,SOCIALNORM
R_1o4HakvLg9bcfsc,"I decided that we each get 5 dollars because I believe it is the fairest. Also, if one of us got 7 and the other got 3 there isn't much you can do with 3 dollars so at that point you might as well go 10 and 0.",SOCIALNORM
R_3uK76hEd1Hdaiui,I thought it was only fair to give her half. It would be selfish for me to take all of the money,SOCIALNORM
R_3dQc2WIfRWz40eT,"Even split, win win",SOCIALNORM
R_1FIrccdG1FuTrAi,"I split the bills evenly because that is what's fair. I didn't choose to be the one making the decision, so I shouldn't be able to choose who gets more. I would expect the same level of fairness from my partner or anyone else making this decision.",SOCIALNORM
R_6K2sbpej2C9llZ2,I gave myself 6 dollars and the other participant 4 dollars because I was thinking more about myself in this case with inflation having a huge toll in the economy anything more than 5 dollars will be able to get me groceries or food so that's why I chose to give myself more.,DESIRABILITY
R_6QrT6vn1XXRYCtk,i cannot be selfish so half half. he has every right to the amount i have,SOCIALNORM
R_7im1zR6fJdDkb2w,"I allocated $5 to myself and $5 to my partner because I believe that is fair to split the $10 evenly between the both of us. I would always try to split something evenly between us, and if there was an odd amount of dollars, then I would happily take less and give more.",SOCIALNORM
R_3ghgAICsL5S4Cld,Same Explanation. She worked as hard as me and therefore we should be paid equally. I would feel bad if I would give myself more.,SOCIALNORM
R_7mn1yBYp9J9XI0U,I split the money 50/50 because it was a gift allocated to both of us. I didn't do anything more to deserve it so it should be split evenly.,SOCIALNORM
R_5frwFXWxmKD5aMK,I decided to keep all the money for myself because I do not know my research partner. I feel no obligation to give her a portion of the money because of this. I would rather keep it all for myself.,OTHER
R_3CK3AtTQQYIsmxX,"I allocated $8 to myself and $2 to my partner because as much as I wanted the full $10, I did not think that it was fair so I decided to give them a little bit, and I believe that they would understand. I think anyone who was given this option would take all of the money for themselves and I thought that it would be nice to give my partner a share.",SOCIALNORM
R_1y7mXBCWma7EFyd,ten dollars doesn't mean much so I am willing to share it equally. I'm fortunate for what I have so I am willing to share.,SOCIALNORM
R_1JJgR09cPInpzdC,"I give most of the one dollar bills to myself because I would use them to buy necessities I know I need, while I don't know what the other participant would need the dollar bills for.",FUNGIBILITY
R_3DI77O1x2wMbvJ8,it is even between the both of us which i think is fair when it comes to money,SOCIALNORM
R_5kN8Rgf2QiGNPle,"I do not know this person very well. If I gave myself more money they would have a negative impression of me, which I don't want a random person having.",SOCIALNORM
R_6uyoSXGGlqDUMwc,I decided to each give $5 to me and my partner. I think this is the most fair way to go about it,SOCIALNORM
R_1MkTKIO1gnol6Fj,"I gave both of us 5 dollars since it only seems fair. If I took it all, that would seem very greedy.",SOCIALNORM
R_5nIpN89BRbgRezs,"I allocated 5 one-dollar bills to the other participant and 5 to me because it is a fair split of the total dollars I got. If I knew of any of the other participant's needs for a bigger amount, I would allocate more.",SOCIALNORM
R_30Yj3pfG4qI5Da5,There is no reason to not split the money. I did nothing different to my partner that would make me earn more money.,SOCIALNORM
R_1sn5eY5Qye5YaxX,"I would just want to split the money evenly, it is not a significant portion so there is no major gain from keeping all or most of it to myself, it would be fair and kind to split it evenly.",SOCIALNORM
R_6ODlj4TDsokLso9,i have 4 he have 6 is very good. for my opion,OTHER
R_7n00Pw4LDGVWMKb,"I keep enough that I could buy basic necessities but if the other person was struggling or wanted to buy something, it would help her chip in towards the next purchase. The only way I would give less is if the other person would seem ungrateful if I were to help them, then I'd keep all of the money since it can help me out or someone who needs it more.",FUNGIBILITY
R_5mfxndJ1u3TKPgp,Just seemed fair if the money was going to both of us to split it up evenly. I could've been rude and taken all the money but it doesn't seem worth burning a possible connection for only $5 - I am not that greedy.,SOCIALNORM
R_3gSpV7ziUO4TrEJ,I would take all of this money to get lunch,FUNGIBILITY
R_1ruMd8AM8feoZEm,I indicated that I would give 5 to myself and 5 to my research partner. I mean its only fair if we both get half of what I can give out. Anymore or any less would be rude to one or the other person.,SOCIALNORM
R_3bAgvOTfQNJnqb7,"We both participated in this study, so I feel like it is only fair we split the $10. She seemed nice otherwise I would just take the money.",SOCIALNORM
R_7QN5ue63VAznD0Z,"I evenly split the money between myself and my partner. Considering we do not know each other at all, I have no reason to give them more or less than half.",SOCIALNORM
R_1pWVAAU80QPcUBT,I gave the participant half of the money just because we were both involved and deserve to split the pot. It is the easiest way to split money without getting into an argument.,SOCIALNORM
R_78WnPKQIrMvVAgV,"I think if we go out together, we can separate the money we have.",SOCIALNORM
R_3Xo0R7JymO7WI1Q,"i split the money evenly, 5 dollars to each of us. This way everything is fair, because one of us does not deserve more than the other, we did not do anything to deserve the money.",SOCIALNORM
R_66Fe9DjsUy62iC5,I would give each of us 5 because we were partners and both deserve and equal amount.,SOCIALNORM
R_7rIx4NE1YvJbKNP,If we each had the possibility to have 10 dollars total I think it would be fair for both of us to have half.,SOCIALNORM
R_7tgwxRyIU4w5V2o,i took 5 because why not and gave her 5 because why not,OTHER
R_1QqsXpP9BS7PxxT,I felt like it would be unfair to just be handed $19 in front of somebody that is my partner and not share. So I did a 50/50 split.,SOCIALNORM
R_7EbPJtl1D1NeM32,I split the money evenly between my partner and I because that is the fairest option. I do not believe that I should receive more than her or vice versa.,SOCIALNORM
R_50jE5ibMCCgpohN,"I had said that I would split the money equally at $5 and $5 each as I figured that would be the fairest for both of us. As well as that, I figured that us both having $5 of the $10 would be much more overall useful in the long run than only I have the full $10.",FUNGIBILITY
R_5rCbe489DYpORJ4,"I decided to split the money in half between us evenly. I feel like it was the easy option to do. Since we both had no money to begin with, we should each get an equal share.",SOCIALNORM
R_1MF1uztVU6wmuf9,"I am hungry and need to eat, so 9 dollars would be great for a meal. She can have a dollar.",SATIATION
R_6OqymTybSiJXvxy,"i even split the $10, $5 to me $5 to her. I chose this because we likely both want the money so an even split would work the best for this situation",SOCIALNORM
R_3O6AamvSnjgLLoi,split even,SOCIALNORM
R_6m4xma0yspfHysF,"I split the money 50/50 because Max was a cool guy, and we got to know about each other. I also did this because that is the fairest outcome.",SOCIALNORM
R_14c3DJ1WgORhZkZ,It would not be fair to take more money for myself. I divided it evenly because we are both doing equal work.,SOCIALNORM
R_7foMaPI01qgv2v4,"I allocated this amount to myself for multiple reasons. First, I wanted it to be an even balance. After I gave her almost all of my sugar, I believe that I should be receiving most of the cash. Second, cash to me is more valuable than sugar. If you have cash, you can do more with it than you could do with sugar. Finally, it's important for me to have something that I will actually use, as opposed to something that I won't use.",FUNGIBILITY
R_7S8qbgCyptzywG9,"I would expect him to split it evenly, so I did. We both have the opportunity to split the money, so we each end up with $10 anyway.",SOCIALNORM
R_1kGIL02BSmq29QI,"Its just one dollar bills, the difference between 10 and 5 dollar bills isnt that crazy for me to be selfish",SATIATION
R_52XAnmwZjuTAocQ,"If I were given 10, it would feel wrong to give my partner anything less than half. So I gave them 5.",SOCIALNORM
R_6IPUtF9QjuOQL5v,I chose to evenly distribute the money because that is fair.,SOCIALNORM
R_6f47OOirQQvytKm,"I did a 5/5 ratio because it was even. We both were chosen randomly, and to be fair, we both should get the same amount of 1-dollar bills. This way, we both get the same amount, and one doesn't get more than the other, and it won't cause problems.",SOCIALNORM
R_3lvoEbsMb6RymwV,$10 is not much. I would get more value out of the joy of sharing it.,SOCIALNORM
R_7eVkfq1XQMEF9jr,"I chose to split the money with me getting $7 and partner getting $3. I need some spare money for snacks and stuff, so $7 is a good amount for that. It is my partner, so I didn't want to take all the money. It would be disrespectful to leave $1 or $2 so $3 is a good amount.",SOCIALNORM
R_7ktcint08VIZ4Gm,"I gave $5 to both of us, so that we would be even. I would feel guilty taking more than half but want at least half for myself.",SOCIALNORM
R_5vkT6uXjsUPDUno,I split them 50/50. That is because I do not know her so I wouldn't give her more or less.,SOCIALNORM
R_10wxgS8MFVqLskE,Splitting it equal seems fair and reasonable.,SOCIALNORM
R_74co1xVKtdQmAW4,It would only be fair to split the money evenly. There is no reason that I should get more than my partner does.,SOCIALNORM
R_5uPu9DJpFmbAEzm,I put that we each get 5 dollars.This way we both get the same amount and are happy,SOCIALNORM
R_3re8Wk0VdJzXpjr,We're both strangers doing a study. There is no need for either one of us to get more than the other. So splitting it half-half makes the most sense and is the most fair.,SOCIALNORM
R_6RfjNE7py35asmJ,"I need money. If i have the choice to keep money or give it away, I am going to keep it.",OTHER
R_736dYLAJNVzRCwh,"I split the money evenly because $10 to myself in this economy would not have been that beneficial anyway. Also, even though I just met her she seems nice and I would like to think that she would do the same.",SOCIALNORM
R_6CQgey27sm8Jeyp,I allocated the money in this way because it is the most fair way I could do it. Any other split is unfair and rude.,SOCIALNORM
R_5gTz8lWLP6dZCDJ,Money is useful to everyone so I felt that it was the most fair to give each of us an equal amount. The other participant might also be annoyed if she got less money than me.,SOCIALNORM
R_5aUDkpl0l4ld7gI,"$10 is mutually appealing to both of us, so it makes sense to split it down the middle. Maybe if I found the $10 or if he did not want the whole $5 or wanted more, I would take more or less, depends on the scenario.",SOCIALNORM
R_3YqYhTEbNjQkYnB,"It is fair and just that we evenly split the money. If I had prior info that he needed an extra dollar or something then I would probably give it to him, but with the knowledge I have, it is fair to evenly split the ten dollars.",SOCIALNORM
R_6OrJmydl0eDFR7N,This is because it's a group study and I would feel bad for taking all the money that was given to me to distribute. Since we both go to the same school and might run into each other I'd rather him see me in a positive light.,SOCIALNORM
R_5FVnOq6N2niLjTH,"Despite my fondness of money, I feel morally obligated to at least split the money evenly between the two of us. This is a fair decision in my opinion.",SOCIALNORM
R_7VOBWb8p76aL4fT,"I just thought it is good to keep things equal and fair. As we could both benefit from having 5 dollars, which could allow you to buy a drink or snack. If I gave myself a larger portion, I see no reason in that as someone can't do much with a few dollars.",SOCIALNORM
R_31VrFxT4X1apThv,"Once again, I gave each of us the same amount of $5. I did this because while I do value money more than oatmeal, I think I'm okay with only receiving $5 instead of getting all $10 for myself. It's not big enough of a value for me to worry about giving myself more than my partner.",SOCIALNORM
R_6GE5fnVYYLV7P9J,"I thought it would be something nice to do for the other person. If I was randomly given 10 dollars, maybe he would need the money more than I would.",SOCIALNORM
R_5visovmegLKFM8F,"I didn't want to be greedy, and I think it is fair if we just split it. Also i think she would do the same for me.",SOCIALNORM
R_1Yb1nh3MFT0PbbG,"I allocated the money the way I did because I like my partner, and still wanted to give her money, but I did want to keep a portion for myself. The 60/40 split seemed the most fair since I was still giving her money but got to keep the money given to me.",DESIRABILITY
R_7CfeJJsXE9doY5O,we both get $5 more than we had at the beginning. And its fair to split it evenly.,SOCIALNORM
R_1BbniTxZ1mwpXXz,"Considering that $10 is not all that much money, I decided that I would give her half and keep half for myself to be fair. After all, there's only so much I could do with $5 more.",SOCIALNORM
R_5pgL5tslRFTMMtv,"If my partner saw that I had ten dollars to allocate between us, he might feel a certain way should I keep more or all of the money. I too, would've felt bad not giving him any. It seemed the fairest to split it.",SOCIALNORM
R_65Xp6yACt6Vl2tr,"Assuming they would not know I could give them up to 10, plus i do not know them",OTHER
R_6hUWH8NAlcSKsLf,"I wanted to make sure it was even. If they need money, I would probably give them all 10.",SOCIALNORM
R_52P9OeYQHuWG2Jv,I distributed it equally assuming we both want the money.,SOCIALNORM
R_1NWL4YKteSA6f4d,"I chose to split the money evenly because I it would benefit both my partner and I. Even though it's less money than if I were to keep the full $10, I would be more at ease knowing that we both have an equal amount of money for ourselves.",SOCIALNORM
R_74imBdCiemuveRq,"I am not struggling with money; therefore,, I chose to split evenly between us. It is fair that we get the same amount, unless he needed it more than me in which case my answer would change.",SATIATION
R_12uqXUe7afRuGHt,"Since we were a randomly assigned pair, there's no reason why I would deserve to get more dollars than the other person. If we were playing a game for money like gambling or something then maybe I would have made a rule where i would give the other person more or less than myself.",SOCIALNORM
R_5ItGsCLbtGnj36h,"If given money for free to distribute, I'd want to do it equally. In my opinion it feels the most fair.",SOCIALNORM
R_3Cfgzpc3UkqnyX6,"I actually introduced and met this person before the study, and splitting the money evenly seems like a nice thing to do, and 50 dollars is still a lot of money currently, which could buy me just over half of my groceries.",SOCIALNORM
R_7rZvRofzdgrEvab,I want the money to be evenly divided. It would be unfair for one of us to have more money than the other person.,SOCIALNORM
R_5nTR8qdHfsp5B1N,I decided to give two dollars because it is better than nothing. Both parties are still leaving better off but I am leaving slightly better off.,OTHER
R_6ZW745lUpmJxEXH,The 10 dollars was given to me I see no reason to randomly distribute it. Maybe if I was splitting 20 in half my answer would be different but 5 dollars apiece does not go too far between two people. For all I know they were offered the same deal and could have kept their 10 as well.,SATIATION
R_1oNlKzvO6qkQIRw,"She seemed like a nice person so I figured if I was sitting next to her, I would split the ten dollars. Figured it would be a nice deed.",SOCIALNORM
R_1qUG2BGu1jHr7qQ,I value $10 highly. I was given the $10 so i believe is hould be able too keep it all. if my partner choose to keep it all I would not blame them.,OTHER
R_5EzXVlcrKNUyQ3f,"I just wanted to keep it even. Yes, I could keep it all for myself, but I don't think I would morally or ethically feel ok doing that. What if my partner needed the money?",SOCIALNORM
R_6joGGi6BJN0kCf2,it would be a nice little cup of coffee or something for each of us. the extra $5 isn't a super impactful amount of money so we might as well split it and both walk away happy.,SATIATION
R_6SpNzAHTLtneDZ0,"There is an even number of $10 bills, so I gave the both of us a fair share.",SOCIALNORM
R_5Xxkqu43uN6gI8N,"It was the most fair, 50-50",SOCIALNORM
R_3NVrfRHHDVkbB8a,because that would be fair. I don't want him to feel left out,SOCIALNORM
R_7rwuBZKiWQup25E,we were randomly paired and then given the ten dollars for the two of us. we should just split it evenly so it is fair and all parties are happy.,SOCIALNORM
R_3U4qs6MoQxcDN6w,"I know 5 dollars isn't a lot of money but that is something that could cheer up someone's day. Also, if it wasn't my money to begin with I might as well share it.",SOCIALNORM
R_6pQA102t0EL3gXM,Money is a big problem of greed and making it fair and optimal I gave him 5 and myself 5 so we could both walk away happy. This amount is not large enough for me to want to be able to split or keep all of it.,SOCIALNORM
R_56P3YhzJ91TIhj3,The same as the first example. It's even and I'm not going to lose my mind over $5.,SOCIALNORM
R_17wKBxjT2yFQIWG,I allocated the ten dollars equally between the other participant and myself to keep things fair. I would rather split the $10 with the other person so that we both have the chance to benefit from the money.,SOCIALNORM
R_52a2mT5Ujyd6SsF,"I decided to allocate $5 to another participant ($5 for myself) because that way it's an even share and each of us get something out of it. I am not a greedy individual, so an even share seemed best.",SOCIALNORM
R_6jesfZ5JS3w47EO,"He might need the $10 so I chose to give him all of the dollars. I don't need them bad, but maybe he does.",SATIATION
R_1PuXbHrkwqFNFuN,The $10 kind of came from nowhere. Neither one of us did any work for the money so I think we should split it evenly since there is no other reference for how to split the money.,SOCIALNORM
R_77wnZMeYrFmliGK,"I allocated it evenly between us because it seemed the fairest. If we are randomly getting the money, neither of us did anything to deserve it, so it should be split evenly.",SOCIALNORM
R_1owegpSVb9t0FTA,The amount was such a little amount of 10$ so I didn't really mind splitting it in half. It wasn't that big of a deal so I just split it evenly.,SATIATION
R_6hB8WIyXKXQ9enL,Again 50/50 seemed to be the only fair way to divide up the money. I am not in desperate need of $5 and I would rather be fair and just versus seem greedy or greed over $5.,SATIATION
R_7GByqCGVgjkLwSY,"I gave me 9 of the dollars and them 1, I do no really know my partner so that is why I chose to keep the money for me.
",OTHER
R_7ZPPWyD7LaqvKr7,"Same as above, I split it in half so we each get $5. There isn't really a reason I just think it's fair.",SOCIALNORM
R_3Qxs4wDAJZNTrBr,"still half and half, and no argument",SOCIALNORM
R_1Izs124gCTzLqLq,Again I did this because it is the most fair thing to do and the right thing to do.,SOCIALNORM
R_7RaFFxIPEOJoa7i,"I allocated five of the ten dollars to the other participant. Just like the pens, I didn't need all of it, so I decided we could split it.",SATIATION
R_5QS4jRX3qahVSjn,"neither of us ""earned"" the money. We were given it as a group and it makes sense to split it between us as it is also not a large amount of money.",SOCIALNORM
R_5Ncn9VRWGVGo2Cl,I would give each of us 5 dollars because it is fair and we both gain the same thing,SOCIALNORM
R_5zKILD6GB8bLMXf,it is fairest if split evenly. Especially with money i wouldn't want to be greedy and take more,SOCIALNORM
R_1CaCkVfoe6JcvZv,"Ultimately, we both gain in the situation provided. So, I saw no reason to take the entire $10 for myself. Even though I may know not much about my partner, why should I treat her that way?",SOCIALNORM
R_66fh3PITLpNaKWI,"The money was given to us, so it is fair to split it evenly.",SOCIALNORM
R_6BIfMXfAyE8fHm9,"we should split the number evenly, that is the only fair way",SOCIALNORM
R_71cIali32krfPjS,"Split it equally because people value money more than anything. If they saw me receive 10 or 9 dollars and they either got 0 dollars or 1 dollar they might have been upset, as would I.",SOCIALNORM
R_6IjixZHQf4wh6Fz,I do not know the person I was paired with very well. If they did not know I had to split money I would just keep it for myself.,SOCIALNORM
R_6wFSlXwjK1dhu0o,"I don't know anyone here doing this research, so I think it would only be reasonable to split it evenly. I don't know anyone's financial situation either and it would be unfair to assume that one other person gets more.",SOCIALNORM
R_7FFzvVGhril1ZOS,"Splitting evenly is probably the proper thing to do, but ultimately when you're given a decision it's almost impossible not to decide what's in your best interest. I would feel some guilt not evenly distributing the money, but I also don't know the person who's receiving it, and their intentions behind spending the money.",SOCIALNORM
R_7oI3SIxeT9kjqu6,"We walked in both with $0 and were offered $10. There is no point to be greedy, split the amount between both of us can let us both get a snack today and be happy. We walked out with more money than we had before.",SOCIALNORM
R_3Du32NZXlwkOgYc,It's fair that we both get the same amount. If i took 7 and gave her 3 it would be unfair of me. If she got 3 and i got 7 it would be unfair to her.,SOCIALNORM
R_5e4f0PoBxZsWADp,"I chose to split the $10 with the other person because it's selfish to just keep all the money. If I always have the choice, I will always split the cost, or anything related to that.",SOCIALNORM
R_3HTVuLppb6n19tO,I think that it would only be fair to split the money won because neither of us did anything more than the other to deserve the winnings.,SOCIALNORM
R_6LnA4wpJ6f61RHP,"I wanted the money because that allows me to pay for things like food, utilities, rent. etc. Getting this money saves me time and effort.",FUNGIBILITY
R_5RUL6JSeeKlxhPi,I split the money evenly so each of us gets $5. It seems the most fair without knowing anything about my partner's financial situation.,SOCIALNORM
R_5vJRWS9fAAfbizT,"I chose for each of us to get the same amount because it just seemed fair. Since it's my first time meeting them, I don't want to give them a bad impression I also don't know if they need the ten dollars more than I do so just keeping it the same just makes it easy.",SOCIALNORM
R_5Rxf6swqTpgn7eu,"I would want it to be even. I don't know the other person's financial situation, so I wouldn't choose to give them more. I also wouldn't take more than an equal number because I don't think that is fair.",SOCIALNORM
R_3PuaMLk5FFFTuLr,"i would split it evenly because i believe that is the most fair way. if he was in the same position, i hope he would do the same.",SOCIALNORM
R_5KDzKmKIqlJ7CVI,I felt like it should be split evenly. We both along very well and he was a very genuine person.,SOCIALNORM
R_1GDmg0yWgrk7XpC,"I decided to give myself 5 dollars and my partner also 5 dollars. There is no reason one of us needs more, so I think an even split is the best case.",SOCIALNORM
R_1pRIUcBLkzBGslq,"I thought harder for this scenario, as I was inclined to take all ten for myself, but decided otherwise. The dollar value was low, and like the pens, somewhat insignificant. This led to my decision to split the cash 50/50.",SATIATION
R_7OquNTHMsxHHSLZ,"Similarly to the ballpoint pens, I decided to split the $10 evenly between us. This follows the same reasoning as well, because I would not feel comfortable keeping more of the money to myself knowing it would be just as easy to split it evenly.",SOCIALNORM
R_32Muq6Y6gnckZL0,"I wanted the money for myself but, also wanted to give some to my partner. It felt fair that because I found it I got a little more then her and still gave her a good amount.",SOCIALNORM
R_1CQhqeTbClkGsdR,I would give half of the money to the other participant and keep the other half. I think this proportion is the only way we both get something that is fair.,SOCIALNORM
R_5KvjkATw8t7EM5b,"I chose to equally split the $10 between me and the other participant because it would be strange to not share the same amount with them, especially since i do not know them very well, it would seem rude.",SOCIALNORM
R_5uNInxm1rUOiqNC,the reason i split the money in half is because that seemed the fairest.,SOCIALNORM
R_5004ViwSyLxP5GV,I chose to split evenly among us. I chose this because that is 10 dollars I did not have previously.,SOCIALNORM
R_72Y2IeZHOXIYibc,"Depending on the scenario, I would keep the $10 for myself. If I worked for it, then that is money. If the money was a result of our combined efforts, then I would split it.",OTHER
R_6duFgQKXoXHcn0S,I allocated the money equally too. 5 dollars for each of us makes sense and is the easiest way to decide.,SOCIALNORM
R_1JeN4JJriYnl5Ti,"I was given the $10 so I don't think I should give anyone any of it unless I want to. Maybe, if my allocated participant was a friend or family I would consider giving them some money.",OTHER
R_6vZYpEt1i30i9RO,"I think that 10 dollars isn't considered a huge amount of money to become greedy about. That is why I wouldn't care to split a 10-dollar bill with anyone, especially if I have received it as unearned money.",SATIATION
R_3o25g8pqp0o6zAS,"I would allocate $5 out of the $10 to the other participant. I chose this amount because we are dedicating the same amount of time to this study, therefore splitting the dollar amount equally is the fairest approach.",SOCIALNORM
R_1jcb4o3YdMmlqG5,Same reasoning as above. It would be fair if we each get $5,SOCIALNORM
R_6jqwPYzTBXDPlgB,I was given the money. I am not close with my pairing and therefore I would keep all $10 for myself.,OTHER
R_1PBdvqh30rzB7Vh,I simply split the money between us both ($5 each) because I found that to be the fairest. It simply makes the most sense to split the money.,SOCIALNORM
R_1N9YK0Ms5Qn24O0,It's fairest to split the money evenly,SOCIALNORM
R_5LYwXdzgCScn7hW,"I would also split this down the middle, 5 each. I would do this because I believe that this is fair and would hope someone would do the same thing for me!",SOCIALNORM
R_3rJOtojXi51bfIv,"I chose to take all $10. I did this because it is $10. I could ese this money to get dinner after this or something. I would feel bad to my partner though, but we could always arrange something.",OTHER
R_5dArMuO15CPgMKr,I just split it in half to be fair ($5 for me and $5 for her). I did this so I would not feel guilty about taking more money and leaving her with less.,SOCIALNORM
R_5HqvU7MEp91kr7a,"I believe it's only fair to split the $10 with my partner, so I would split it evenly by giving each of us $5. I think it would be rude to keep all of the money for myself when situated it in front of another person.",SOCIALNORM
R_65FV7Anb2apCFek,I decided to split the money evenly between us because i feel that it is fair. i also thought that it would be awkward if i theoretically had to divide the money in front of him. i wouldn't want to come off as greedy,SOCIALNORM
R_7v2336zpdg3pC4x,"Because I would feel selfish keeping all 10, and I would feel better giving away half than keeping it.",SOCIALNORM
R_1cjysXzNynGbFdq,"Similar to the pens, I would feel bad if I did not split the money evenly with the other person. The paired partner was nice and I feel like we deserve the same amount of money.",SOCIALNORM
R_1jYvCR85auzyVDa,5 dollars and 10 dollars won't make much of a difference to me so I may as well give my partner 5 too. I would want him to do that for me if roles were reversed.,SOCIALNORM
R_5nCKgQjT8UgRTwt,"I decided to split the money in half, $5 each. He seems like a nice person and that is the fair thing to do.",SOCIALNORM
R_60Iuo2PXsDFtFKQ,I chose to split it evenly. I did this because that's the fair way.,SOCIALNORM
R_1q7Jr2YjkezRR2w,"I just met my partner today during this study, and in the few minutes we spoke, we never discussed nor indicated financial need. Since I was not given much context as to why I was given this money, I didn't really feel a need to offer up any of it or split it up in any way because I had just met her.",OTHER
R_7G6rdXvb2WE9i7F,I did 5 and 5. I wanted it to be equal.,SOCIALNORM
R_7mW8gPkze59IeE6,I don't feel compelled to give someone I just met a portion of my money. He said nothing about needing it and I have no connection to him.,OTHER
R_5LLmwpU9G1WTwdg,"If this exercise were with someone I was unlikely to see again, I would take all 10 dollars. However, being reasonable (as opposed to greedy) is a good way to create connections. Honestly, upon further reflection, I may give all 10 dollars to my partner in hopes that they'll repay the favor someday in another small way.",SOCIALNORM
R_7zIs6w72BGyCuK5,"I believe that it is always good to put others before yourself. Therefore, if it means giving them more to help them out I would.",SOCIALNORM
R_13Mems8JdCBG3XX,I gave them $5 dollars of the 10 because it just seemed fair to split it evenly. I don't know them that well but it seemed like the nice thing to do.,SOCIALNORM
R_1nnoY3uohywtQ6R,We both did the same amount of work here and were partners. That made me decide to share.,SOCIALNORM
R_3EWduXOxjyk26u2,It is a fair way of sharing the money we receive for the study. We both have to put effort into it so we both should profit from it.,SOCIALNORM
R_57AAiru2ik2O9Vf,I prefer to share as it can be mutually beneficial. I look selfish if I take more money and leave my partner with less.,SOCIALNORM
R_33gyivh9W8nnve7,Same reason as the pens. I believe that it is only fair for us to both be given an even amount of whatever was given. We are both here now and also it is only 10 dollars to split not like it is a crazy amount of money,SOCIALNORM
R_12nWCBToMTvHzUd,I split it evenly as that is fair since we both participated in the study. That is morally the right thing to do.,SOCIALNORM
R_5Q6kI007juCSTtx,I gave myself $5 and her $5 because she is also a participant and knows how much I would have taken. I wanted to make it fair and even because I did not want her upset or to get a bad impression of me.,SOCIALNORM
R_5sUdSEAJx37b50a,I gave myself an extra dollar because I felt like I deserved something extra for giving him more than $1. I could have given him $5 but I hope he also gave himself an extra dollar so both of us end up with $10 anyway.,DESIRABILITY
R_6dIfH3gLe29ihLH,I gave me and the other person 5 dollars each. This is to be fair and split the money evenly.,SOCIALNORM
R_3Dbvrz3vTEnCudu,"I want all the money for myself, as it is not worth splitting $10 in my opinion.",OTHER
R_3QJHEs8JgURm8WF,"I would allocate half of the dollars to my partner and half to myself because I think that is a fair split. Because we don't know each other very well, I can't see us having reasons as to not giving each other none or all of the money.",SOCIALNORM
R_6ekcmtycYXMVHJD,It's such a small amount that I don't mind splitting the money evenly.,SATIATION
R_31fgDUEV4fyZFBv,"I gave each of us an equal amount because I thought it was the morally right thing to do. Also, I was imagining a circumstance where we could each get something for $5 (i.e. Dunkin or Starbucks).",SOCIALNORM
R_7Fu3cilVl8t2LBi,"Everyone likes money. I'm sure she would do the same, it's only fair to split it in half.",SOCIALNORM
R_5DZviTMJCc4mzxC,"I feel that it is fair to split it even, especially since we both do not know each other's circumstances and briefly met. I also don't want someone I just met to feel like I am inconsiderate, and I would feel bad taking any more money than half.",SOCIALNORM
R_6MLGD005V4oMhPA,"For this I more so leaned into the math logic and only used that to determine my answer since money is more of a necessity than ballpoint pens. I felt since I had a partner for this study, and we talked and got to know each other slightly before starting, I wanted to not keep all the money to myself and thought it would be kind to divvy it up evenly as a nice gesture.",SOCIALNORM
R_1VBCcbo8kJWQRd3,"I split down the center to keep it fair, so we get an equal amount.",SOCIALNORM
R_31mqQNtXiaNDvyB,"The person that I met was nice and easy to talk to. So, I figured we should have an even split of the 10 dollars.",SOCIALNORM
R_5bV3hF4RZdnCPPO,"I just thought it was fair that if we were both allocated 10$ for the study, and we both split the 10, we would both have 10 $1 bills.",SOCIALNORM
R_5pE6M5MtgyeOLMe,i JUST DECIDED TO split it in half. I do not know the other person but it is only ten dollars. it is not like it is a lot of money. it would probably be awkward if i tried to take all 10,SOCIALNORM
R_37h7KeGM3lLFgTT,I also split this down the middle because I thought it would be rude if I didn't evenly share something when we got something when we were partnered together. I would also hope that she would split the money evenly with me.,SOCIALNORM
R_3YXuAls6aqx6HIa,We both participated in this so we both deserve the same amount,SOCIALNORM
R_1Apjhgn7I9gIE3T,"Money is always fun to have but can lead to arguments, so it is better to split the money evenly between us and we each get an extra $5 that we wouldn't have had before",SOCIALNORM
R_1lZUsUPigHomyiZ,Because I want the money. And I give my partner 0.1 since I am a friendly person,DESIRABILITY
R_6HBNs1JOenfx2Kc,I don't know this person that well so why would I give them money. I would just keep the money.,OTHER
R_6o7pZVkZa6FIbhL,"From our rushed conversation, i did not experience or receive anything from it. Additionally, my partner asked me the same questions multiple times because he was not paying attention the first time. i would allocate him 0 as a result",OTHER
R_1Eyj1iiInL4hlKz,"I chose to split the value of money evenly because as much as I could use $10, I would want the other person to have an equal amount of gift. We could both benefit from $5, but one of us may need the money more than the other so giving someone the full amount would be unfair.",SOCIALNORM
R_6Nhr4PsJ8LEoe7a,"I don't need ten dollars right now in my life, and maybe they do.",SATIATION
R_7YJkkoFBcs1AhA5,"Splitting it up evenly is the most fair. Because we do not know each other, there would be no incentive to make it uneven.",SOCIALNORM
R_3R9jIJa44nfs8pP,If we were given $10 I would split it evenly between the both of us.,SOCIALNORM
R_3E4ndeq7iwlGRek,I gave 5 dollars to both of us. I did this to keep things equal.,SOCIALNORM
R_3C28cmPxYJrTsSy,I decided to keep all the money because I don't know the other participant at all.,SOCIALNORM
R_7Q0KNcwFENdFYbS,"I do not know this person, and there is no incentive outside of this study, so splitting seems the most rational decision.",SOCIALNORM
R_6dmNDZNETS29MBO,"If I were just given $10, I would evenly divide it between me and my partner. This ensures neither one of us ends upset by allocating more for myself or more to my partner.",SOCIALNORM
R_7tsbJYkwDT0mrSg,I split the $10 between us like the ball point pens. I had the same reasoning as its fair.,SOCIALNORM
R_7KLyh9zZONWoeQ1,Wanted most of it but didnt need all of it. So I gave him 20%.,SATIATION
R_7QGy7baxYxje71n,"I think its even to give us each the same amount of money, I don't want to cheat the other person and take it all, so I would split it between us. That seems like the fair option.",SOCIALNORM
R_6CrcILUzdu3TwYh,It is the fairest option. We both benefit from splitting the $10 in half.,SOCIALNORM
R_1rv3PwiOhWkCz1w,Splitting it evenly is the most morally justifiable action with this fortune,SOCIALNORM
R_1EL999ksllBioH9,"I would really benefit from some money right now, funds are low so an extra $5 could be some gas or even a little treat for myself or a friend.  I don't know the other person enough to know their financial situation, but either way who am I to say that they would deserve less money than me.  Either way its fair, if I had an abundance of money right now then I would give most of the $10 away, but since it's something I'm in need for I figure splitting it is fair.",SOCIALNORM
R_14issEJrXpDGDXT,"I decided once again to split the $10 evenly. This would mean that we would each receive $5. I don't believe there is a reason one of us should receive more than the other person. We aren't losing any money in this scenario, so I feel that it is morally right to split the money evenly.",SOCIALNORM
R_6eLgcCQkNvrgMrE,This seemed the most reasonable. I have no reason to gain any more/less than this person.,SOCIALNORM
R_58ZH34UwsgOlua9,We both could use 10 dollars equally so I believe its fair to split it between us equally.,SOCIALNORM
R_7fD07WU2BHnrOE1,"Once again, we should split it equally. I believe in karma and honestly he probably needs the money as bad as I do.",SOCIALNORM
R_138O30aAad6sXFi,"I thought it was fair for both of us, also nice thing to do.",SOCIALNORM
R_5AxZeYO1PZGBr8t,It's fair to share the same amount of money with each other. Both could potentially buy something for the same price together and enjoy an equal amount of goods.,SOCIALNORM
R_7U3AWsnOVMI7Fo8,It is even split and fair,SOCIALNORM
R_7eOS2mSLrCD3gwh,"I decided to split the $10. If we are randomly partnered, neither of us did anything to deserve more over the other, so I kept it equal.",SOCIALNORM
R_5Li2J2EWjSAXOkj,"For the dollars, I decided to split it evenly as well. So, I get 5 dollars, and the other participant gets 5 as well. Even though I don't know the other person, I think that it is just fair and the right thing to do. I wouldn't want to take more than I have to, and I want everyone to feel included and get the same amount.",SOCIALNORM
R_39P74NKaLpPLunL,I will give her 5 dollars. I need make sure my partner get equal profit to work with me.,SOCIALNORM
R_6HzrYRfPUPGqzVQ,"Given that I was given the money to allocate out, I see no reason to allocate it. They had not performed a task that necessitated that deserving the money, and while I have not either, I was given the money and they were not. I would not expect them to give me money had the money been given to them.",SOCIALNORM
R_3XV1lVKMJW4Vgk1,I assumed both of us want money so it seemed fair to split it straight down the middle. I would not want him to take more than half of the money so I acted how I would want him to act.,SOCIALNORM
R_1VCOXoB5X9Kwg7o,I choose to split the money evenly because we could both benefit somehow from the $5. Additionally it is fair to split this resource evenly since we do not know each other well enough to understand each others financial history.,SOCIALNORM
R_524x5XFRxXUcgVh,"since we were partners, it is only fair to split the money evenly between. Especially since it is during a study, the money would not have been given to me if we bother weren't there, so it was only fair",SOCIALNORM
R_7F6HMSmBs1PtO0x,I have myself 8 dollars and my partner two. I did this because I do not really know them. I also would use these dollar bills for my laundry,SOCIALNORM
R_7JKoyjKFQCvQdJP,"its pretty simple, even if i wanted more than 5 dollars, It would be unjust for me to take more than 5. also if my partner knows how many dollars there were.",SOCIALNORM
R_3hrUXlugrtOAqh1,"might as well split the money, I did it even. just found out shes my neighbor too",SOCIALNORM
R_5uVS7VdkVoTg8pn,I do not know them and think it is fair to allocate the money in a fair and even way. Splitting the money 50/50 could leave us both satisfied and not envious at the other.,SOCIALNORM
R_5zMD7SzDZaj1s7v,I did not allocate any money to the other participant because I am greedy and could use it to buy a Starbucks grilled cheese.,OTHER
R_5M6QhD1h3m4GswV,it would be more equal,SOCIALNORM
R_7Gqh4Z8nvoQoRkB,"Well, I could definitely use all $10 because money is tight. Although I don't know my study partners financial situation, so it is only fair to split it.",SOCIALNORM
R_53irJOPhVjnD9MR,I think also a lot of problems can come with money. But being able to split the money equally would be able to deem the student as a nice person.,SOCIALNORM
R_5mdDsNTPibpzaZJ,I think it's the fair decision to equally split the money. It is only 10 dollars so it would not generate that much benefit for either of us.,SOCIALNORM
R_78KJ0oTZhAcYIbn,"I don't know the other person, so what seemed like the most fair thing to do is split the money evenly. No tricks or feelings of being wronged.",SOCIALNORM
R_3rGUaaqe7RNOrHw,"I split it $5 each. Same reasoning as for the ballpoint pens. Even if I didn't know them prior to this, I feel like the right thing to do is share it equally.",SOCIALNORM
R_6oyZ1KW1UbGQgoA,"As meeting a new person, we can bond our splitting $10 that I was given. This will start to create a strong bond between us.",SOCIALNORM
R_1H8lUcum5vHILLj,"I chose $5 for the each of us. This is because we each get the same amount, making it fair and equal.",SOCIALNORM
R_5mRFTejKaVw0SGJ,"same to the answer above, I like fairness and equivalence",SOCIALNORM
R_7xPsyuCWOtI1yQ8,save and keep money is important. so i allocated this proportion of money to myself,SATIATION
R_50NzY5Kw2QVWR45,"I was given ten dollars, and I felt that I can distribute it evenly to my partner. However, If I was given a larger amount of money, I probably wouldn't split it 50/50.",SOCIALNORM
R_5nZZZuO81zsf4GJ,"I did nothing to earn this money, nor did the other participant. If I were to hoard extra wealth for myself, that would be greedy and wrong. I think greed is a poison and we need to treat everyone (including ourselves) with equality.",SOCIALNORM
R_6sdrMPZbbcjuwKb,"I allocated $10 evenly by giving us each $5 because it felt like the most equal way to distribute the money. I would have felt greedy if I had taken the full $10 or more than half, so I gave us each $5.",SOCIALNORM
R_1FLqGno7JDQAYq0,"Again, my friend was extremely nice, and she deserves the same amount of money as me. So, to keep it fair and even, I have allocated the money in the same way as the ballpoint pens.",SOCIALNORM
R_5dKRT3FoisVustS,I allocated this portion because I do not really need one dollar bills. She might I don't know but splitting them down the middle felt fair also.,SOCIALNORM
R_6lxDAcSVNbDT0M0,"I believe it would not be fair for me to get all ten dollars, as I didn't do anything special to earn it. Plus, I would feel guilty taking it all to myself.",SOCIALNORM
R_1I6x4xkaIgQyZCK,"I could use th money, and it is not like i will see the person again after so even though i feel a bit awkward now i won't later",SOCIALNORM
R_1gCrPV4wEYVBkuq,"I allocated 5 to each because I don't like to offend people and enjoy sharing. Also, if the other person could see that I allocated all 10 dollars to myself that would be very awkward.",SOCIALNORM
R_7ootysCxs86SzAt,"The same thing applies here, for I would split it in half. I wouldn't want to take anything more and to be fair I would just cut it in half.",SOCIALNORM
R_5yP79ZGjvQwH6JH,I thought it would be fair to split the money in half. I feel like it would be greedy or selfish of me to keep all the money to myself.,SOCIALNORM
R_5WHjQQwmmZED8DD,"The same reason as distributing 10 ballpoint pens, I divided the 10 dollars equally between us.",SOCIALNORM
R_3vpAgqWygQQYYUN,"money has more value than ballpoint pens, but the ethical structure is still the same. We have an even amount of money, we split it in half so that it is fair.",SOCIALNORM
R_1PS55MupH6ok20F,"i dont know them, and i put myself before random people",OTHER
R_1DKXwjWEPgeXPFf,Ten bucks split it fifty/fifty.,SOCIALNORM
R_71aEdDpuFA56mQh,I would want to split the money and be fair and not take it all for myself. I feel if I took it all for myself it would make me feel greedy and weird.,SOCIALNORM
R_7dx8QWh4NO25e1z,"I feel that if I divide the money equally between me and the other participant that it would keep everything fair, that's why I did 5 and 5. If they were to find themselves in a similar situation with me, they would then be more likely to follow my example of splitting the money.",SOCIALNORM
R_7BKEL9jJ9RqKPPr,I split it evenly because I thought that would be fair between my partner and I. I gave myself $5 and hr $5 as well.,SOCIALNORM
R_7zbuQzH3WPlKswF,I was given $10 so the most ethical and fair way to go about receiving that money would be to split it 50/50. My partner seemed kind so I think she would do the same.,SOCIALNORM
R_5VswU4tNRDDAZWZ,I allocated myself $5 and the other participant $5. I feel like it is only fair that we split the $10 in half. I would want the other participant to do the same for me as well.,SOCIALNORM
R_77D4OQrPZvJLykE,"I gave both of use $5. It is fair, I don't know why either of us would be unhappy",SOCIALNORM
R_1gqjrSteEGFkXzd,"I feel like sharing the money equitably is best, hence the 50,50 splits. I think with a stranger I would not want to take all the money or give up less than half. Having no other context, I feel that 50/50 is the most fair and common answer.",SOCIALNORM
R_7K3euBwkELsI7AZ,it seems most fair to me to split the money evenly if given the option. i would hope someone else would make the same decision if the roles were reversed,SOCIALNORM
R_12EswaFCxqS2pC9,I would take all 10 bucks because I am hungry and that is a meal for myself right there,SATIATION
R_7YmIaW8ojtDsHlA,"I would feel guilty taking more than half of what was given to me. Even if $5 is not that much money, it is more of a principle to be fair.",SOCIALNORM
R_74NPbcqogVfHPeE,I split the amount evenly because I think it is only fair that we get the same amount. I would want someone to share the $10 with me so it is only fair that I also split the money.,ERROR
R_6Qn93cSFob3sMxe,I split the money evenly because this was the most fair way of doing things. I would feel guilty if I more money than my partner.,ERROR
R_68HsBfwDka3Froy,"I think it is fair that if we both want it, we should split it 50/50. It makes it easy and there are no that should be involved.",ERROR
R_3rhAwIQWRpfxGN3,Why I allocated the $10 into $5 each is because I feel like it is the fairest. We both would get equal amounts so there is o unfairness.,ERROR
R_7EhLsUJPlxMEG2Q,"Similarly, I would guess that the other participant would want the money just as much as I would. We can split it down the middle and each get rewarded equally.",ERROR
R_5CPpUYkP2H2Dnos,"We are partners and I don't think it would be fair or kind to give either of us more than the other, we are equals and should treat each other as such.",ERROR
R_79LS7ZeIhN8eu7T,"I do not know this individual, but this monetary compensation should be as fair as possible. With that being said, I am a senior and I believe I deserve $6 (compared to $5) because of seniority and grown-up tasks I complete on my own at my own expense.",ERROR
R_7KmckgF7vfgAQHn,"I again, thought it was fair to divide evenly amongst us to we had the same amount.",ERROR
R_69sT3qPj8TPjuS4,"i spoke to her right before the study. she seemed kind, i don't know her financial situation, and i don't want to be a greedy person and take resources all for myself",ERROR
R_7323u7jPhoHtjjV,"For the money, I think the more you get, the more value it has. I would be more likely to use $10 on something I actually needed or wanted than with $5. Overall, it makes more sense to have one person get all the money than splitting since the full amount is low.",ERROR
R_6eVgBjwZBGkb44e,"I feel like it is most fair to split it up 50/50. Especially is we were both offered it, it would feel stingy to take it all.",ERROR
R_5dzPVJgchQQZ16M,I do not know the person i was paired with and i thought it would be fair to split the ten dollars because we are partners for this study. it doesnt seem fair to take more or all the money.,ERROR
R_3Ldpccf1oD6feQd,"I gave half to my partner because honestly if they know that this is the options we had (to give them some or to not), then I would probably give them half just because its 5 bucks and I do not want to come off as rude.",ERROR
R_3EBeyjxLYIErMf0,"Ten dollars really is not that much money and if we split it, that would be a win-win for both of us. I am not too concerned with the tradeoff of the other $5.",ERROR
R_1rp5915ix5xNhyE,"In this section I once again divided the total evenly, giving myself $5 and giving my partner $5. My reasoning is the same as with the minutes off from above, I don't think it is fair to divide the total any other way in a situation with such little rules and stipulations.",ERROR
R_333vYseVqnP5ZrP,"I feel like we both need money equally; I don't know the financial situation he is in, so why would I deserve more.",ERROR
R_3gTmRtENTmOlIPx,"I split the $10 even ($5 and $5), because we could both benefit from the money. Plus, I don't know how we could spend it, because there are many different ways to, so it is easiest to just split.",ERROR
R_5QYsET58CKW5exo,"Again, my partner seemed very nice, so I would be willing to do something nice for him. $10 isn't a huge amount of money, so I would not mind giving it all to him. Maybe it would make his day, and that, in turn, would make my day.",SOCIALNORM
R_63WeIchcsZxH4er,I wanted to evenly distribute the dollars amongst me and my partner. It would only be fair.,SOCIALNORM
R_3dubWwCxmu0kzO4,"I decided to split the money in half as I recognized that it was only fair if I split it 50/50. Also, when I thought about it, I would be annoyed if the other participant didn't split it with me and took most of the money for themselves.",SOCIALNORM
R_3rvsSVdwwMRM9j3,because its just fair to split the money and we both deserve the same ammount,SOCIALNORM
R_6HNtDJTxuJCJzo4,I decided to split it even with my partner because at the end of the day its just $10 and having a new connection is worth more than having that $10 to myself,SOCIALNORM
R_1f7f0W1THMlI2MO,I split the $10 evenly with my partner getting $5 and keeping $5 for myself. This seams like the most fair way to go about distributing the money given we did not talk about either of our financial situations (who needs it more).,SOCIALNORM
R_5nIB3Uug9ZUvusd,I feel like we should be fair cause that we be weird/awkward to take more or give more. A friend may take the money from depending on our relationship.,SOCIALNORM
R_5HXJbE5vpnxOUuz,"I think it would be nice to give to my partner, so I gave them all $10.",SOCIALNORM
R_6kKYL2nZMt2CLJv,"Again, I wanted to be fair and split the money to be as equal as possible. I'm not greedy and if we could both walk out with something that would be cool. I don't see a reason someone would put down 10 as it's not a super high amount of money to be stressed over.",SOCIALNORM
R_3OXu0AzMNOjvBAd,I didnt know this person and i would feel bad if i took all the money,SOCIALNORM
R_3F312Mgj0skmq1m,i spit it evenly because it is the nice and respectful thing to do,SOCIALNORM
R_7MxGzf2rOo59Plg,I don't know the person who I paired up with today but he seemed nice so I'll give him $2,SOCIALNORM
R_5G2s8RCCqbzbDOg,"I thought it was fair to split it halfway. If we are given $10, why not split it $5 and $5. I thought this would be fair to both, since we are both getting $5.",SOCIALNORM
R_6F2qRBjuqkfUGMe,I just split the $10 up 50/50. It seemed like most logical and right thing to do.,SOCIALNORM
R_5eRLNd0GCC1WcUF,"I split it equally between us. I feel like that would morally be right and she gave me no reason to think otherwise, she was nice.",SOCIALNORM
R_6EHlFmzyNWGu9Jm,I decided to split the money evenly because I also think this is the fairest option. If we each get $5 then we both get the same amount no matter the circumstances. I think we will both be happy with this option.,SOCIALNORM
R_5qfK1yWyr3c6iLd,"From the $10 total, I decided to keep $7 for myself and give $3 to the person I was paired with today, I decided to allocate this amount of money between the two of us because I don't really know the person all that well. However, I would feel bad if I kept all the money to myself.",SOCIALNORM
R_33jVdMtfu1y5gPv,I don't know my partner at all other than when we talked before coming in. I think since we are both in the same position of getting randomly put together and we are both participants in the same study it is only fair if we split the 10 1-dollar bills into 5 and 5.,SOCIALNORM
R_3UqRyqHbaQE58eR,I gave the other participant 5 dollars. This was because there were 10 dollars in total between the two of us. That is the fairest way to split the dollars up.,SOCIALNORM
R_5VjCTIS0Bf7aJvH,i allocated 5 to each because i feel like its only fair. if we split the money evenly there is no loss but both gain,SOCIALNORM
R_3EcZowlZLQR82YC,"Splitting it in half is the most equal. Her and I got along, and I feel like it would be nice to give her some of that money.",SOCIALNORM
R_1tyR7atVhAT7kf3,Dollars don't change anything. My partner seemed very nice and I am happy to share the money with her. I think my 50/50 split would probably stay until we get into the higher numbers. I would probably continue to split 50/50 until we got to around $500. That is a large amount and I might let my greed get the best of me.,SOCIALNORM
R_6nNIVzAHk9OSqOG,"I split the money in half, its a fair and just way to treat my lab partner",SOCIALNORM
R_7PUynF0fCaQhrQ2,"It did not mention explicitly if the other person got the same amount of money, but I would assume they would share in the same scenario. It is a gain of $5 versus $10. If the amount here higher (like $100), I would be more likely to keep it to myself than share half of it.",SOCIALNORM
R_3kNghLenr1hs9pc,"I feel that if I was given 10 dollars to split with the other participant, I would want to split in 50/50. I think that is the fair and appropriate way to distribute money.",SOCIALNORM
R_7W9SXUKxWNoRRFn,I think that it is fair to give us each $5 because you never know how much someone else needs something while also not leaving myself with nothing. I thought it was the most fair solution to do half and half.,SOCIALNORM
R_6msjMToXojQ8gUy,giving $5 would be even and there wouldn't require much discussion over how to split it. i wouldn't want to argue over the money and splitting it evenly is the best way to avoid this.,SOCIALNORM
R_6kOgobQCssl1cjS,it's fair to split it,SOCIALNORM
R_6qql59HU0vlg8jT,I once again just split the money in half because it makes the most sense to me. Even though I just met my partner today she seemed nice and someone that I could see myself being friends with.,SOCIALNORM
R_1FxZWcS32ruEz38,I split the 10 dollars evenly that way we were able to have the same amount.,SOCIALNORM
R_31XVl4J0dvPrpIS,it is fair enough to split the money evenly,SOCIALNORM
R_5aS9B3X8y9fFujy,"I decided to evenly split it because I feel like that is the only fair way to split the money, especially with someone I don't know that well. I feel like it is rude to take it all for myself, but I am also not willing to give it all to my partner.",SOCIALNORM
R_3TY5MKTyAyltH1W,"Again, I think splitting the money evenly will result in little to no conflict. I think it is the fairest way when splitting something with another person.",SOCIALNORM
R_7NDHg8T2dpckpZA,"I chose to give five to each of us because it is the most fair option. If it was a larger sum of money that I earned by doing something, I would take that into consideration, but for this example there is no evidence that I did anything to earn the money.",SOCIALNORM
R_3FywtBwaHkbRQ9U,I chose to split the money evenly. Seemed the most fair. Have no reason to keep all for myself,SOCIALNORM
R_7X6zVyVsXeOhyXD,"I think when it comes to money it is always best to split it evenly. I don't care too much about it, but I often encounter people who are very particular about money. It made more sense to split it evenly instead of giving them more because I do not know if my partner would be offended by me giving them more money than I gave myself",SOCIALNORM
R_5DV7FP8u3GnBTsB,"I decided to split the money in half. I felt it was the fairest option, and we both got compensated.",SOCIALNORM
R_1Kqorv1h0N3VCjo,I know my partner outside of just being study partners and I would think it would be mean if I didn't split the money with them.,SOCIALNORM
R_3iWpSH1sh5gONV5,"i think it's only fair if we split it, i didn't do anything different than my partner to earn the $10. if i received it in this session, then i definitely should split it with him because that's fair. i would feel guilty every time i looked at the cash if i didn't split. i also don't need the money that bad, he might.",SOCIALNORM
R_50qhzjHXuDjXF2E,I also distributed the $10 evenly between myself and my partner because I think that is the fairest decision. I don't want to keep the $10 because I want to give half to my partner so he can have a reward too. I would expect the same from someone else.,SOCIALNORM
R_5e8DGUvH3lxyd8B,Because the bill is not big and i prefer to use AA. It is fair to everyone.,SOCIALNORM
R_771hcydHvfBqai1,I chose to split even because I feel like it's fair and a reasonable way to split it. I feel like there's also no need to be stingy over $10 dollars by splitting it unevenly.,SOCIALNORM
R_7G1uPcNKWJ9oEtX,Same with the question above. Don't know the person very well so I'll just be nice and split it.,SOCIALNORM
R_5egYmijLoMjvl5P,I felt $5 each was an even split. I don't know this person well enough to not make it even.,SOCIALNORM
R_3ySxE7Hsqfv7ynv,I don't have any desperate need for this amount of money. I also know that splitting something justly when I have the power to do otherwise would make me seem kind and fair. Splitting evenly seemed like the easiest way to go about this problem.,SATIATION
R_6DTw95ROdU3LHLt,"I split the money evenly so it would be fair, and we both got the same amount. Since I knew my partner before the study, I would not want to seem rude or greedy.",SOCIALNORM
R_3KopMtmn3U0D9qe,I split it evenly because it is fair. Why am I more entitled to the $10 bills than he is? We should be able to enjoy the gift evenly.,SOCIALNORM
R_7ie5ZMQvGHXQUFj,I didn't make any money this summer and am broke. Need every dollar at this point.,SATIATION
R_6FhCE5HCjgxrO3n,I think we both deserve equal amounts of money also. She was kind and chill.,SOCIALNORM
R_5SM4ZnPt3qROXkd,split between the two of us,OTHER
R_6aII1KiYNTaXAvX,"I do not need the money, and maybe they could use it. I kept a little to get a snack or something.",SATIATION
R_6DOzz06wYRlG72z,"I wanted to be even. My partner seemed like a really nice person, and I did not want to rip them off. We are both doing the equivalent amount of work here.",SOCIALNORM
R_6ZLo9usiNV2d7rj,"Since we were paired, I thought the money should be split equally. I thought about keeping all the money but if someone took all the money from me, I would be annoyed.",SOCIALNORM
R_6PtumLnkRDe4xnu,"I don't know him all that well, and it would be unfair to either of us for the dollar amounts to be unequal.",SOCIALNORM
R_1f39u8tAHLyMru3,"I chose to split the $10 in half, equally because it is fair. No ones is getting more than the other person.",SOCIALNORM
R_5kvoAoW1mi8rLpy,I gave myself 10 dollars because I do not know this person personally so I don't know how it would benefit them. I know that I could use that money so I gave it to myself.,SATIATION
R_6wzS8DyiVPpmHcG,"I want to allocate this proportion of money fairly, in this way, each one can get the same money instead of lacking money.",SOCIALNORM
R_1P7VVLZ7umCRzrt,Because i do not know this person so I do not want to seem selfish or rude. It is also not fair of me to take all the money.,SOCIALNORM
R_3QusKeonMjyUOQq,It was fair and I knew he would like 5 dollars,SOCIALNORM
R_6lbGEDxDzDN7twB,"I wanted to be fair, even though I just met this person I would feel guilty giving them an uneven cut. I think the thought of being fair is what drives my decisions.",SOCIALNORM
R_6j6CfdZu0bEV1Fr,"i don't need the 10 dollars, maybe the other person needs it more than i do",SATIATION
R_1PCfYbr6b2XdjeL,"$5 is not an amount that I have trouble parting with, so in an effort to be nice, I would split the money.",SOCIALNORM
R_5bKaCeFEtexMdTh,"10 dollars is not a lot of money, I would rather see the other person happy, then have useless dollar bills in my wallet",SOCIALNORM
R_1dp1i7kVWXId2hd,I gave her $5 and me $5 since this would be the fairest. I think it would be best in a situation where I do not know someone to allocate evenly.,SOCIALNORM
R_7IQq9jTZgNEgILv,I split the money evenly between us. I did that because that is what's fair.,SOCIALNORM
R_7QVGAUO4ylSpl58,I allocated $5 for myself and $5 for the other participant. I did this because we both showed up to do research and we should both be able to walk away with the same results. We also have friendly conversation so I would be more than willing to split evenly with them.,SOCIALNORM
R_3cc2j5Y4w4eP5fj,money is different and because i dont know the other guy at all i gave myself most while still giving him the 2 bucks,OTHER
R_7t3Cbq8APpo6iCP,I split it evenly between the both of us even though I just met my partner because I would like to be kind and equal in such a situation even if it is only hypothetical.,SOCIALNORM
R_7LhMKOVa2mCBqpz,I allocated 5 bucks to the other person because it is only fair that we are able to spilt the money and both have an opportunity to buy something.,SOCIALNORM
R_7fdwFLa7Yh8usV5,I think that splitting the money $5 and $5 is fair. We would both have enough money do something with such as get a cup of coffee or a snack.,SOCIALNORM
R_1d6uH7FHIGPkl9Q,"If i found the $10, I'll keep it but if it was provided to the both of us, it'll be split 50/50",SOCIALNORM
R_53TvkxPz0HTRouj,I thought it would only be fair to each take 5. That way we split it evenly and both leave happy.,SOCIALNORM
R_5oEDHGoZEDJk3Re,I split the 10 dollars evenly between us.  I felt that this was the most fair way as it was even.,SOCIALNORM
R_39SfDQDYskhgV2x,"I allocated myself 7/10 dollars because being a college student and finding money I'd be inclined to keep some of the cash to go towards spending money, but I would be alright sharing some of the money with the other participant.",SATIATION
R_57weqDF5NafiKZE,we will help each other when we got requirement,OTHER
R_3KfNt6kAI4k2fYi,"splitting it is the fairest. Since my partner hasn't done anything wrong to me, I'd be happy to be nice and fair.",SOCIALNORM
R_3YnAX4Pu2HJlUFK,I am not better than him so i do not deserve more money and vice versa.  We are both equal and contributed equally so the reward is split equally,SOCIALNORM
R_640P52DANBfhVel,"I do not know the person, but they seemed nice. It is better to offer an equal number than to be greedy and take more.",SOCIALNORM
R_3zZu3SQUr1gspwT,"We are equals with one another, I don't deserve to take more money than my new friend. Sharing is a great thing to do, getting to split something means we would both have five dollars instead of one of us having ten dollars.",SOCIALNORM
R_6G6sZs56fXs1QDr,"I had the same reasoning as above. We both were given the $10, so it makes sense to split it in half so we both get the same amount of money.",SOCIALNORM
R_3sXCbCorNi2tm7v,I picked $10 because it it the most I could have taken,SOCIALNORM
R_5vkx2JS9b9XiRF8,It's only fair if it's even. There shouldn't be a reason I should take more or less than my partner unless we were being rewarded for something and I felt like I did more than them. I don't see a reason why in this scenario I would deserve more than them.,SOCIALNORM
R_5mgXEDcNklWaWDc,I don't mind sharing 5 bucks,SOCIALNORM
R_5CQ1OEMXYk8KgQG,"I did the exact same thing pretty much, 5 dollars for me and 5 for the randomly paired. I also just think that would be the fairest thing to do because if it were reversed it would be rude if they gave themselves 10 and me nothing. Again, being fair and not selfish.",SOCIALNORM
R_6fjAzU15Apvf8IV,I thought 5 dollars and 5 dollars for the both of us would be more beneficial. It also feels good to give something to someone else who will probably be grateful to receive it.,SOCIALNORM
R_1XhDnRp2A2R7yd8,"I gave myself all 10 dollars because money is a valuable that can be used in the real world. Not that time isn't valuable, but money has a meaning of things you want.",FUNGIBILITY
R_73D2NP8QFBKLkAz,"I wanted to make sure my partner and I got the same amount of money, because I believe that would be more fair and morally correct.",SOCIALNORM
R_1ab5Mqh3PBpYtyz,I mean I dont really know the other person that well. There are a lot of other people I would give 10 dollars to then her.,OTHER
R_16i4bgXodwQqZNf,"I split the amount evenly ($5 for myself and $5 for another participant) because that seems the fairest. It's not a life changing amount of money so I don't really feel too guilty taking some for myself and it makes the most sense if we both leave with a little money as a treat, it's a win-win for everyone :)",SOCIALNORM
R_6kj4bh00Re7IahI,I learned about this in econ. 5 and 5 is not the equilibrium is it the cooperate value. I like who I was paired up with. I have no incentive to defect.,SOCIALNORM
R_11jxRZf29wIVVIc,its fair and its only $10,SOCIALNORM
R_3qagv5BLB8hf6qt,"Similar to the other prompt, the amount of money isn't really material. I'd prefer to allocate it equally so nobody has any guilt, but can still get a little bit out of it.",SOCIALNORM
R_1erbKIZnvo3fa4A,I would split the money in half with my partner. I think it is only fair to split the money in half and there is no reason why either of us should have more than the other.,SOCIALNORM
R_51pCaa0vXOu3Ky4,I was offered the money with no logical reason to split it.,OTHER
R_5zqDEGx6087CD50,I would give 5 dollars to the other participant and keep 5 dollars. I would do so because that is an even distribution.,SOCIALNORM
R_7497KfB31wP6e21,"If I were given the $10 and my partner didn't know, I would probably keep all of it to myself because I am a broke college student.",SATIATION
R_669Y7T0hG5vXvE3,"I mean basically this is the scenario where if one person chooses 10 and the other chooses to split it evenly one comes out with triple the amount. Honestly, I was thinking just to take the 10 for myself and then if the other would choose to take 10 for themself, we'd come out even. However, if they were to choose to split it evenly and I ended up with 15 as a result, I would feel slightly bad, assuming I can't give them 5 afterwards to make it even. So I just went with splitting it evenly seems like the nicer thing to do and the 5 extra I would have isn't a big deal to me.",SOCIALNORM
R_6g7P7a6awguSMOf,I split the $10 evenly because it just seemed like the fairest amount. I would feel bad getting more than someone else even if they are random.,SOCIALNORM
R_7rGiyWbbc0PwEpU,Both of us dont deserve the money equally so we should split it. If its 10 then we can both get 5.,SOCIALNORM
R_6KeDKfd1g0bOMf8,"If the other person chose $10 as well, I would be annoyed if I got less/none.  Also, I want to buy lunch after this.",DESIRABILITY
R_5Hv6KqUCHdO6Xol,"Since the money was something that was given to me, I have no issue splitting it with someone else. I did not work to earn this money, so I don't feel as though I earned the money and therefore have no reason to share it.",SOCIALNORM
R_5flYE7QRBjZd6bc,I did 5 and 5 I wanted it to be fair,SOCIALNORM
R_6OPSvBizU5QR6Qs,"It's money, so I would feel bad not giving them half. Also, its only 10$. If it were hundreds, my answer would be way different.",SOCIALNORM
R_5xUwNa2OIC7Y5Ut,"I've allocated equal money between me and my partner this way it is fair if we both have an equal amount of money to spend. I don't know my partner that well, so I have no strong negative or positive feelings towards them.",SOCIALNORM
R_3Sfr4X6gk7fJU7X,I chose to give him half to cash to be fair and I would hope he would do the same for me. Also its only 10 dollars and the joy of 5 dollars vs 10 dollars isn't that much different so mind as well spread the joy.,SOCIALNORM
R_6nYLGVGy81waBdY,"I think that since we are both doing BRC studies for same reason it doesn't make sense to not distribute it evenly. I'd be happy to leave with 5 dollars because my alternative would be to leave with nothing, so anything is a win to me in that sense.",SOCIALNORM
R_1xYL2SHs1Mvwug9,This is a fair way of splitting money. I think it would be nice to split evenly.,SOCIALNORM
R_30V30Du437EBDIz,Because Im a girl and probably have more use for the money,DESIRABILITY
R_52tURThuN8N6FgA,I just think that it's fair to do half and half. It's a simple way to keep things fair.,SOCIALNORM
R_6KC7ZJGxFmswTZI,It really doesn't benefit me that much to take all the cash. 50$ can be stretched to a few meals/snacks so I think it's a win to have us just split.,SATIATION
R_6oTssSnLC6Suke9,"Since there is $10 it just felt natural to just split it, there is no reason for me to take any more or any less.",SOCIALNORM
R_3VfpP2CtPLhZxCR,I split the total down the middle again.  I did this because I thought this was fair and we would both get the same amount.,SOCIALNORM
R_78SoANKUorQvplL,Its the fair thing to do. It is also the right thing to do. We both make out even in the end.,SOCIALNORM
R_6EWYl0HqAnAszfi,"It was the most fair to split it evenly. Even thou we just met, I feel it would have been morally wrong to allocate more to me, especially since I don't know his situation.",SOCIALNORM
R_5IrYwSNnXp6SINP,"I would split the money evenly. 10 dollars is not that significant of an amount, and since my partner has no say in this, it would be most fair that we each get the same amount. It would be wrong of me to benefit from the split being in my hands.",SOCIALNORM
R_3NycSHIo2oj317M,split 50/50 because we could all use some money,SOCIALNORM
R_1GEbDt7cruwIO9O,I decided to do an even 50/50 split. That way no one feels upset.,SOCIALNORM
